{"authors": {"anthony trollope": {"features": [0.056577789319823095, 0.0002885151540075111, 0.0021708255807703193, 0.01960737329457106, 0.004350070234497087, 0.0003183057198534045, 0.002184425621699966, 0.01702595600192473, 0.0014299471606028834, 0.0014079280467167881, 0.0015682142433876278, 0.0031169998568757597, 0.0028245989768883495], "docs_cnt": 10}, "bram stoker": {"features": [0.04778184493588145, 0.0029824700080870238, 0.004753406582715659, 0.022484053970242186, 0.003294094040532406, 0.0004484345832750622, 0.0019062270082268744, 0.01168362104085467, 0.0014973154729692754, 0.0013042605845762826, 0.001270818005484583, 0.0026161217553097695, 0.0010686424137029448], "docs_cnt": 5}, "charlzdickens": {"features": [0.07851210626564749, 0.012468497092999077, 0.005666988280502716, 0.027781821055170637, 0.003112861503655585, 0.00019442388149084648, 0.002423332529298743, 0.010509702479476324, 0.0016531228426227055, 0.0008072230031523701, 0.000914727972917897, 0.0032785896678782637, 0.0022278689479068763], "docs_cnt": 20}, "George Bernard Shaw": {"features": [0.0396201528771804, 0.00014827404584544975, 0.006382423107735479, 0.018191233684322343, 0.0024476282791801108, 3.5408727366077556e-05, 0.00217099759663263, 0.008334329203790505, 0.0009936574117105513, 0.0012393054578127144, 0.0003054002735324189, 0.0027508155072521498, 0.001361022958133606], "docs_cnt": 10}, "George Eliot": {"features": [0.05584282026019231, 0.0026141487655608375, 0.0014904603346973413, 0.023129103710149514, 0.0036011966832313323, 0.0001159646460651128, 0.0024289649121545334, 0.01194525749545131, 0.0023390698376854536, 0.0012558341903330433, 0.0014679865660800714, 0.002956648999288031, 0.0012621268455458789], "docs_cnt": 7}, "H. G. Wells": {"features": [0.0541267810666549, 0.0012020821386033791, 0.0024813622127133972, 0.02929661652476951, 0.002712956019233314, 0.0001764524240151749, 0.0007609510785654417, 0.009478803652565176, 0.0012296528298557502, 0.0009760024703339362, 0.0006672107283073801, 0.0035069919273016015, 0.0010697428205919978], "docs_cnt": 3}, "Jane austen": {"features": [0.06489552785430182, 0.0004712624177647081, 0.0038724306099751442, 0.02494863239646365, 0.0051273351052800245, 0.0007270905874084068, 0.0017167416647142937, 0.008450408382546595, 0.002503076670355978, 0.0024344070037674065, 0.0015686306191310998, 0.002476147389340852, 0.004272330433049768], "docs_cnt": 5}, "Lewis Carroll": {"features": [0.0604228635742423, 0.0032960848942841063, 0.012814534930460648, 0.01672964064635421, 0.0027252994613714927, 0.00012862770319157487, 0.0021062786397620385, 0.007508642173808184, 0.0014792185867031112, 0.0012058847174210145, 0.0005627462014631402, 0.003255888737036739, 0.00192137631642415], "docs_cnt": 3}, "Oscar Wilde": {"features": [0.05432733861645961, 0.001096023076362349, 0.0038530027387560007, 0.02033239958762457, 0.0022857678409647086, 0.00021087379854002437, 0.0015464078559601787, 0.011447062866425767, 0.0013771881410823813, 0.0013745847608534923, 0.0004738152016578325, 0.002387299669891387, 0.0018171593997646544], "docs_cnt": 10}, "Robert Browning": {"features": [0.06428421126464193, 0.0058497580136073505, 0.007930607187112764, 0.024612471066844357, 0.0031820626125178275, 0.000144958032311613, 0.003121273760258119, 0.009064553085034252, 0.0018166514694536017, 0.0012601996679993453, 0.0007130999976619672, 0.0035584858899721772, 0.0010941993406747563], "docs_cnt": 3}, "Rudyard kipling": {"features": [0.05634297219609765, 0.013782734823096181, 0.00498059422727935, 0.026595181010159882, 0.0032271203952684356, 4.470613169432928e-05, 0.0013428397334852237, 0.009151510736094737, 0.0014620560846701019, 0.0008312028929834554, 0.0004801769700502033, 0.0022336508020611183, 0.0013163472109996954], "docs_cnt": 8}, "Sir Arthur Conan Doyle": {"features": [0.056562168061615195, 0.0014168012778284136, 0.002523594333007223, 0.023368993126204666, 0.0034966167167687374, 0.000559501141562813, 0.001507043397435319, 0.011125791675536052, 0.0015972855170422243, 0.0010303526715117837, 0.0008100557324713972, 0.0036680767440218577, 0.001729994516464144], "docs_cnt": 26}, "Thomas Hardy": {"features": [0.055038211999813624, 0.0033852113807763735, 0.0049199673270047635, 0.02231767165921952, 0.002535104927289273, 0.00017211327525857404, 0.0021071989943259673, 0.009774322410955152, 0.0017981558205191356, 0.0009347367380065099, 0.0009328349338600063, 0.0033119919211359854, 0.0009917908624016173], "docs_cnt": 6}, "wilkie collins": {"features": [0.05295107102504704, 0.0015404327702268287, 0.004014916088841196, 0.019835030093920708, 0.0017852049265128715, 0.0001612232602737401, 0.002195116697573231, 0.009512825081900763, 0.0018100085050165237, 0.0008583343613763897, 0.0010783029391587802, 0.0029105041196785717, 0.0008635561673771586], "docs_cnt": 10}}, "all_docs_cnt": 126}